layer3,Control1,Control2,Control3,Control4,Control5,Control6,Control7,Control8,Control9,Control10,Control11,Control12,Propineb1,Propineb2,Propineb3,Propineb4,Propineb5,Propineb6,Propineb7,Propineb8,Propineb9,Propineb10,Propineb11,Propineb12,L3,L2,L1
KEGG1,27518.12,25375.84,30184.9,24772.25,23139.45,30051.39,28615.45,30354.36,28908.13,20981.37,28655.34,27204.51,27576.46,35996.46,33238.31,28539.45,32815.56,33898,40356.88,32188.61,31732.25,31504.5,24889.59,32154.71,Cellular Processes, Cell growth and death, Apoptosis
KEGG2,32,37,42.5,26.67,17.67,27.17,33.67,80.33,7.5,38.83,15.83,34,18.33,16.17,23,28.67,10.33,11,2.33,13.83,23,12.33,43.17,2.5,Cellular Processes, Cell growth and death, Cell cycle
KEGG3,365962.14,363157.63,378263.62,358587.7,344199.7,374253.57,372778.98,372907.03,369639.09,348549.52,373610.77,364526.84,363186.82,369902.1,359494.38,363521.7,367050.77,372222.19,385779.13,363986.24,360344.75,358405.33,361132.56,375764.82,Cellular Processes, Cell growth and death, Cell cycle - Caulobacter
KEGG4,19218.96,21871.86,20745.34,18197.66,21944.61,21907.85,20978.2,17923.88,22437.06,17963.31,19909.75,20864.57,17912.91,20098.27,16913.94,16608.6,18191.71,21499.53,21841.02,18161.73,17768.7,16950.69,15481.01,19884.08,Cellular Processes, Cell growth and death, Meiosis - yeast
KEGG5,0,2,5,10.67,1.67,4.67,8.67,9.83,0,12.33,3.33,4,9.33,8.67,13,16.67,6.33,7,2.33,11.33,17,6.33,16.67,0,Cellular Processes, Cell growth and death, Oocyte meiosis
KEGG6,25187.27,23281.5,27625.74,22575.72,20672.55,27440.72,26046.17,26530.45,25914.04,18727.31,25895.13,24031.17,24401.47,31420.46,28859.64,25323.95,28843.36,30352.5,35702.05,28724.78,27257.57,26850.67,22028.1,28388.88,Cellular Processes, Cell growth and death, p53 signaling pathway
KEGG7,285611.49,257457.78,302911.52,264330.32,239525.53,315395.42,318798.43,309903.43,298711.2,225907.95,294177.58,277176.93,282913.04,335436.48,306420.79,272341.15,306077.84,321340.56,388248.63,314264.64,292042.68,283379.92,234539.1,283530.25,Cellular Processes, Cell motility, Bacterial chemotaxis
KEGG8,351160.31,327994.88,390157.45,328041.69,299248.74,395687.11,407229.45,402187.08,372303.52,286203,379832.41,343304.45,377573.97,427018.33,382612.37,343618.19,381021.05,409686.82,504740.26,404426.93,356048.38,352912.56,309864.38,370641.38,Cellular Processes, Cell motility, Flagellar assembly
KEGG9,0,14,140,15.67,15.67,91.67,30.67,6.83,39,8.33,26.33,30,9.33,39.67,13,16.67,6.33,46,10.33,11.33,17,6.33,16.67,0,Cellular Processes, Cell motility, Regulation of actin cytoskeleton
KEGG10,0,14,140,15.67,15.67,91.67,30.67,6.83,39,8.33,26.33,30,9.33,39.67,13,16.67,6.33,46,10.33,11.33,17,6.33,16.67,0,Cellular Processes, Cellular community - eukaryotes, Focal adhesion
KEGG11,96,11,24,92,9,19,29,39,50,24,23,53,63,42,45,64,34,31,96,72,37,33,33,110,Cellular Processes, Cellular community - eukaryotes, Gap junction
KEGG12,47552.32,45454.1,48629.34,46285.41,43520.43,49628.38,52317.83,52746.15,48838.63,39677.91,46873.68,47639.3,51616.96,51078.34,45646.64,43573.31,49559.55,51703.3,60827.71,52175.38,44070.85,41854.13,40152.14,48852.39,Cellular Processes, Cellular community - prokaryotes, Biofilm formation - Vibrio cholerae
KEGG13,47,67,54.33,101,28,33,12,36,30,8.57,77,29,0,30,0,23,42,32,15,0,31,0,0,0,Cellular Processes, Transport and catabolism, Endocytosis
KEGG14,24064.77,23223.25,24098.25,21762.44,20650.81,23804.49,23821.58,34292.18,24023.23,20138.95,23790.38,24087.43,28065.74,25795.9,20025.37,24746.25,26612.23,26250.44,30495.26,26589.02,25158.91,21687.32,27084.67,38122.37,Cellular Processes, Transport and catabolism, Lysosome
KEGG15,154172.38,148484.9,165605.4,147998.99,137929.19,161638.66,157615.01,156042.54,159699.64,136405.18,155930.46,151842.53,161835.2,168507.75,157247.34,151284.33,160868.15,165850.22,185520.51,162432.68,159262.64,154318.65,138727.1,157520.58,Cellular Processes, Transport and catabolism, Peroxisome
KEGG16,131,70,210,128.67,40.67,122.17,76.67,134.83,99,70.33,66.33,113,85.33,62.17,78,102.67,48.33,46,106.33,88.33,62,48.33,85.17,115,Cellular Processes, Transport and catabolism, Phagosome
KEGG17,1752280.41,1669075.94,1837668.63,1756366.37,1636495.06,1890068.72,1735499.19,1650546.65,1793025.93,1646857.68,1741496.35,1726940.48,1781773.41,1851450.19,1836211.41,1767049.82,1767208.3,1748178.24,1863982.63,1762368.04,1768467.49,1815376.35,1604067.06,1465744.9,Environmental Information Processing, Membrane transport, ABC transporters
KEGG18,496330.82,468295.96,514779.91,469763.12,448936.94,514221.69,508621.98,524510.92,503770.15,444522.89,493141.88,480438.65,522241.05,558663.8,530688.05,499326.89,527936.88,526938.35,587064.79,541896.63,512025.39,519620.83,458916.81,499002.18,Environmental Information Processing, Membrane transport, Bacterial secretion system
KEGG19,43198.22,42846.84,43335.1,45054.44,39272.05,47530.34,51222.61,51642.09,49611.18,37709.42,49259.91,46772.07,64355.9,44985.25,39126.62,37970.35,41274.84,44647.44,60629.86,50121.65,39051.17,37475.31,35205.66,43638.78,Environmental Information Processing, Membrane transport, Phosphotransferase system (PTS)
KEGG20,551.47,1215.33,260.5,634.87,1847.16,863.83,674.33,166.5,819.5,730,308.33,749.23,124.3,152.3,299.8,108.1,226.57,496.8,256.5,357.2,186.9,212.9,213,123.1,Environmental Information Processing, Signal transduction, Calcium signaling pathway
KEGG21,0,0,0,0,0,12,20,1.5,0,0,0,0,0,31,0,0,0,39,0,0,0,0,0,0,Environmental Information Processing, Signal transduction, ErbB signaling pathway
KEGG22,21336.39,19952.6,22549.99,20383.33,19214.43,23435.09,22571.92,21017.7,22632.56,16993.3,21117.6,21538.29,21046.29,24216.47,21862.65,19963.63,22779.05,23703.08,27605.06,23117.77,20874.49,20160.2,17375.26,21902.79,Environmental Information Processing, Signal transduction, MAPK signaling pathway - yeast
KEGG23,15,61.67,76,37,30.67,75,25,14.84,57,65.34,8,44.67,82,102,33,59,66,73,45,102,45,81,98,147,Environmental Information Processing, Signal transduction, Notch signaling pathway
KEGG24,74297.95,73547.01,76393.41,73405.22,70834.64,76348.98,74864.81,73796.11,74567.52,69669.46,73749.84,73403.69,75757.89,76260.23,73338.26,73906.48,75849.79,75526.59,80492.9,75867.6,72715.78,72117.18,71005.21,73981.72,Environmental Information Processing, Signal transduction, Phosphatidylinositol signaling system
KEGG25,0,0,0,0,0,7,0,0,0,9,0,0,37,0,0,30,0,19,21,16,0,0,27,48,Environmental Information Processing, Signal transduction, Plant hormone signal transduction
KEGG26,1047468.56,982798.48,1093728.61,1005944.25,936142.81,1113641.5,1084352.63,1064150.09,1080262.36,897984.78,1041165.23,1019432.41,1104118.08,1185152.43,1121412.92,1031573.99,1110806.23,1128301.59,1295407.39,1143434.53,1073088.49,1077356.74,917990.43,1004942.5,Environmental Information Processing, Signal transduction, Two-component system
KEGG27,0,0,0,0,5,0,4,37,0,2,0,0,0,0,0,0,0,0,0,0,0,0,0,0,Environmental Information Processing, Signal transduction, VEGF signaling pathway
KEGG28,15,61.67,76,37,30.67,75,25,16.34,57,65.34,8,44.67,82,102,33,59,66,73,45,102,45,81,98,147,Environmental Information Processing, Signal transduction, Wnt signaling pathway
KEGG29,32,37,42.5,26.67,17.67,27.17,33.67,80.33,7.5,38.83,15.83,34,18.33,16.17,23,28.67,10.33,11,2.33,13.83,23,12.33,43.17,2.5,Environmental Information Processing, Signal transduction, mTOR signaling pathway
KEGG30,47,61,116.34,8.66,41.66,87.66,27.34,18,75.34,42,48.34,63.34,39,5.34,102,52,61.34,16.66,93,52.66,77.34,14.66,17.34,21.34,Environmental Information Processing, Signaling molecules and interaction, Cell adhesion molecules (CAMs)
KEGG31,0,0,0,0,0,1,0,0,0,0,0,0,0,0,0,0,0,0,0,0,0,0,0,0,Environmental Information Processing, Signaling molecules and interaction, Cytokine-cytokine receptor interaction
KEGG32,47,73,253.34,18.66,55.66,163.66,34.34,20.5,114.34,48,71.34,89.34,39,5.34,102,52,61.34,16.66,101,52.66,77.34,14.66,17.34,21.34,Environmental Information Processing, Signaling molecules and interaction, ECM-receptor interaction
KEGG33,49.75,51.75,173,33,54.5,134.75,73,67.75,81.25,36.25,64.5,60.5,16,3,11,19,35.25,62,78.25,3.75,12.5,60.5,0,36.75,Environmental Information Processing, Signaling molecules and interaction, Neuroactive ligand-receptor interaction
KEGG34,1616.75,1886.25,1835.18,1581.5,1480.5,1741.25,1945.61,1963.58,1860.18,2003.82,2226.25,1886.43,1303.32,1672.36,832.5,1332.68,1557.75,1593.32,1918.07,1079.39,1621.18,1561.14,1283.86,1028.43,Genetic Information Processing," Folding, sorting and degradation", Proteasome
KEGG35,384670.01,378385.85,389480.96,383944.61,370842.6,385642.69,381921.28,394134.06,384169.79,376687.42,386343.35,381837.28,393007.1,394429.8,384619.85,387469.71,390135.31,385150.4,396718.76,390221.54,383009,385975.27,384554.13,386374.29,Genetic Information Processing," Folding, sorting and degradation", Protein export
KEGG36,49739.08,50373.35,50307.84,49090.49,48791.95,49323.57,49236.3,49792.62,50446.89,48488.48,49324.41,50760.27,50904.46,52484.05,49292.45,50676.68,52152.08,51329.13,53481.01,52213.35,50910.02,49888,51248.04,52339.23,Genetic Information Processing," Folding, sorting and degradation", Protein processing in endoplasmic reticulum
KEGG37,305045.68,304370.74,311102.68,300981.4,294018.43,310521.88,311743.17,312683.86,309700.92,285756.44,306475.55,306591.38,313666.63,316515.32,301241.44,299615.93,312421.85,314104.24,334804.46,310867.02,301516.86,294919.72,295349.23,320941.6,Genetic Information Processing," Folding, sorting and degradation", RNA degradation
KEGG38,221152.87,218974.42,223195.56,221654.77,212778.64,221404.78,218561.11,213834.01,219009.03,215870.44,218317.47,216262.92,236489.8,227791.11,225903,223866.32,226544.19,223000.78,228866.58,229311.01,222877.08,224977.78,220200.74,216414.72,Genetic Information Processing," Folding, sorting and degradation", Sulfur relay system
KEGG39,0,0,0,0,0,12,20,0,0,0,0,0,0,31,0,0,0,39,0,0,0,0,0,0,Genetic Information Processing," Folding, sorting and degradation", Ubiquitin mediated proteolysis
KEGG40,268692.37,259932.58,276811.84,263604.92,251321.1,274292.01,270944.96,284564.88,270347.37,258465.78,270103.02,266760.44,279394.4,283640.89,271763.38,272758.55,274969.5,273132.56,291629.39,277088.01,273140.32,272319.28,269302.95,278803.82,Genetic Information Processing, Replication and repair, Base excision repair
KEGG41,380548.3,371176.31,387829.92,381425.86,363573.93,382640.99,380820.02,401501.52,380619.98,373755.17,381791.26,378123.57,396536.23,394914.35,387556.08,390190.28,388468.08,383730.06,401684.53,393403.42,384856.07,389392.55,385716.27,387257.76,Genetic Information Processing, Replication and repair, DNA replication
KEGG42,514660.06,498576.53,520096.89,517370.79,492875.45,512942.15,511423.32,536253.14,511525.99,510248.56,513622.68,509946.84,537855.25,528757.54,522085.68,528375.33,521245.71,512241.17,532704.14,529590.8,518351.11,525676.8,525437.38,516415.72,Genetic Information Processing, Replication and repair, Homologous recombination
KEGG43,450670.77,439393.71,455307.99,452902.47,434251.86,451311.92,447540.4,472397.48,449434.84,445387.31,449241.51,447786.97,468079.26,462475.72,455717.17,460019.83,458402.73,449494.52,466263.96,461919.03,452651.87,458754.58,456580.3,453384.43,Genetic Information Processing, Replication and repair, Mismatch repair
KEGG44,16283.95,16271.04,18573.09,14239.84,14066.66,19037.14,18611.92,20615.26,17442.6,14220.51,17924.34,16662.26,16814.32,16780.52,13544.18,14730.34,15803.84,17221.95,20436.44,14879.8,16451,13847.17,15122.7,19974.34,Genetic Information Processing, Replication and repair, Non-homologous end-joining
KEGG45,226361.09,221551.8,231531.22,225692.34,216552.97,229544.61,227392.44,243278.2,228684.88,221405.16,228313.99,227215.29,229952.11,234616.94,225775.85,227753.25,231489.96,227893.64,238569.79,230444.51,227871.1,228353.09,226107.67,232980.89,Genetic Information Processing, Replication and repair, Nucleotide excision repair
KEGG46,97,151,127.5,74.01,47.01,71.51,105.01,240.99,32.5,133.49,60.49,84,70.99,64.51,79,105.01,46.99,37,6.99,51.49,67,48.99,148.51,17.5,Genetic Information Processing, Transcription, Basal transcription factors
KEGG47,376424.42,368019.48,377710.89,375013.13,357523.25,375918.37,375838.47,389581.21,378404.14,363070.81,375123.79,376770.24,376789.36,390575.38,373696.14,376182.52,387118.29,381644.12,396983.85,380147.45,378758.3,378593.94,367248.18,384351.27,Genetic Information Processing, Transcription, RNA polymerase
KEGG48,378,574,225,357.67,458.67,216.67,194.67,482.33,399,318.33,446.33,441,291.33,230.67,249,286.67,424.33,419,196.33,294.33,428,421.33,271.67,426,Genetic Information Processing, Transcription, Spliceosome
KEGG49,691710,671400.75,695946.51,691793.74,660440.33,683769.17,673184.74,694439.66,682574.57,685119.15,688334.51,682097.76,706101.5,704755.99,691971.19,704252.63,698559.84,681861.96,694392.42,699136.49,688676.58,699529.69,705089.02,688985.76,Genetic Information Processing, Translation, Aminoacyl-tRNA biosynthesis
KEGG50,37773.95,36393.92,36264.66,39660.72,39172.12,35861.7,35085.07,35643.6,36227.04,39531.96,33785.2,36975.85,41273.39,38326.64,40492.61,40150.46,39050.64,35614.87,35318.62,39354.28,38305.46,41051.7,39924.77,34935.28,Genetic Information Processing, Translation, RNA transport
KEGG51,1394907.51,1361201.21,1407830.4,1403193.99,1345937.11,1385531.06,1378031.44,1430941.41,1383129.46,1395205.6,1395052.37,1384371.42,1432232.51,1424726.79,1402731.07,1426747.12,1411133.44,1381173.98,1410731.72,1417172.35,1394069.49,1416399.38,1426913.63,1396977.77,Genetic Information Processing, Translation, Ribosome
KEGG52,34172.24,33074.92,35567.01,34501.41,33163.74,35584.35,35024.98,34473.53,34653.89,33029.6,33777.1,33964.65,35423.44,36749.85,35531.74,34500.97,35588.1,34919.42,37686.15,36003.97,34227.02,34547.65,33983.8,33495.7,Genetic Information Processing, Translation, Ribosome biogenesis in eukaryotes
KEGG53,134.5,219.5,168,100.84,103.84,117.34,167.34,251.16,99,174.66,121.66,151,93.16,93.34,101.5,113.34,79.66,88.5,72.66,113.16,129.5,134.66,167.84,57.5,Genetic Information Processing, Translation, mRNA surveillance pathway
KEGG54,63461.1,60017.6,66259.32,60314.53,56684.98,65596.99,63866.77,63023.88,63964.59,55232.62,62644.94,61627.11,65076.14,72360.47,68494.42,64580.61,69041.02,69788.62,77459.18,69550.93,66625.74,65659.9,60783.62,68216.02,Human Diseases, Cancer: overview, Pathways in cancer
KEGG55,5900.45,5885.41,5773.09,5493.91,5183.19,5787.12,5015.35,5494.68,5817.57,4341.08,6091.74,5624.72,6347.66,7098.33,6327.67,5432.99,6630.78,6172.42,7486.88,6215.83,5773.03,5930.73,4149.72,4645.2,Human Diseases, Cancer: specific types, Bladder cancer
KEGG56,15,61.67,76,37,30.67,75,25,14.84,57,65.34,8,44.67,82,102,33,59,66,73,45,102,45,81,98,147,Human Diseases, Cancer: specific types, Chronic myeloid leukemia
KEGG57,25187.27,23281.5,27625.74,22575.72,20672.55,27428.72,26026.17,26530.45,25914.04,18727.31,25895.13,24031.17,24401.47,31389.46,28859.64,25323.95,28843.36,30313.5,35702.05,28724.78,27257.57,26850.67,22028.1,28388.88,Human Diseases, Cancer: specific types, Colorectal cancer
KEGG58,0,0,2,5,0,1,5,5.5,0,10,0,0,0,0,0,0,0,0,0,0,0,0,0,0,Human Diseases, Cancer: specific types, Glioma
KEGG59,0,6,3,0,0,0,2,9,0,0,0,0,0,0,0,0,0,0,0,0,0,0,0,0,Human Diseases, Cancer: specific types, Pancreatic cancer
KEGG60,13988.11,13853.84,14392.5,13965.96,13669.13,14656.06,15004.38,14715.73,14915.9,12939.49,13462.14,14727.76,15550.21,15977.38,14665.14,14225.58,15670.33,15559.56,17313.19,16056.95,14802.46,13792.49,13536.76,15284.57,Human Diseases, Cancer: specific types, Prostate cancer
KEGG61,24270.72,22814.59,24162.08,23735.85,22307.63,23449.21,22825.22,21716.86,23077.65,23498.48,23279.67,22823.51,25042.46,24922.63,24936.64,24972.08,24461.33,23881.56,24398.94,24667.2,24520.71,24935.74,25120.76,24395.57,Human Diseases, Cancer: specific types, Renal cell carcinoma
KEGG62,25187.27,23281.5,27625.74,22575.72,20677.55,27428.72,26030.17,26567.45,25914.04,18729.31,25895.13,24031.17,24401.47,31389.46,28859.64,25323.95,28843.36,30313.5,35702.05,28724.78,27257.57,26850.67,22028.1,28388.88,Human Diseases, Cancer: specific types, Small cell lung cancer
KEGG63,0,12,137,10,14,76,7,2.5,39,6,23,26,0,0,0,0,0,0,8,0,0,0,0,0,Human Diseases, Cardiovascular disease, Arrhythmogenic right ventricular cardiomyopathy (ARVC)
KEGG64,6.67,23,137,30,23.33,76,7,8.5,51.33,19,38,35.67,4,0,17.67,11.33,12.33,10,8,0,6.33,4.33,1.33,0,Human Diseases, Cardiovascular disease, Dilated cardiomyopathy (DCM)
KEGG65,1624.93,1660.18,2028.33,1441.2,1388.49,1920.51,2159.43,2128.85,1938.83,1627.92,1793.26,1752.85,1599.82,1905.83,1812.84,1489.25,1761.11,2272.42,2262.08,1876.5,1981.84,1672.58,1588.57,2612.16,Human Diseases, Cardiovascular disease, Hypertrophic cardiomyopathy (HCM)
KEGG66,25187.27,23281.5,27625.74,22575.72,20672.55,27428.72,26026.17,26530.45,25914.04,18727.31,25895.13,24031.17,24401.47,31389.46,28859.64,25323.95,28843.36,30313.5,35702.05,28724.78,27257.57,26850.67,22028.1,28388.88,Human Diseases, Cardiovascular disease, Viral myocarditis
KEGG67,2530.05,2223.84,2374.25,2108.93,2070.59,2605.32,3133.6,2344.59,2565.25,1951.2,2362.83,2394.48,1980.97,2062.47,1784.8,1993.92,1702.49,2246.89,2380.09,2230.28,2156.31,1677.64,1798.49,3022.1,Human Diseases, Drug resistance: antimicrobial, beta-Lactam resistance
KEGG68,30355.35,30410.6,30301.51,29931.75,29977.33,30302.03,30149.35,30293.42,30309.24,30185.64,30365.98,30366.97,31314.19,30091.72,29241.81,29715.33,29356.43,29718.64,30949.21,29982.6,29722.21,29525.88,29425.29,29326.97,Human Diseases, Endocrine and metabolic disease, Type I diabetes mellitus
KEGG69,28103.83,28330.25,28069.42,28717.92,28552.38,28229,28555.83,29169.06,28644.46,28477.3,27836.95,28507.08,30624.12,32076.12,31484.8,29877.07,30956.84,29362.58,30624.34,30047.28,30871.55,32711.22,27893.93,27716.49,Human Diseases, Endocrine and metabolic disease, Type II diabetes mellitus
KEGG70,17108.03,15965.52,18520,17053.78,15781.95,19068.7,19038.99,19880.42,18502.57,15707.44,16272.27,17694.49,18865.38,20184.9,18030.08,16803.18,19819.92,19538.5,23969.86,19285.09,18338.77,18225.85,12902.66,17007.19,Human Diseases, Immune disease, Primary immunodeficiency
KEGG71,1162.68,1087.34,688.66,1061.37,981.65,782.01,925.01,991.51,980.33,752.56,1125.34,1052.34,715.32,701.33,659.67,661.67,930.7,908.67,871.33,727,1083.01,816,644.99,848.66,Human Diseases, Immune disease, Systemic lupus erythematosus
KEGG72,818.68,618.34,579.66,769.62,559.15,527.51,703.01,732.26,809.33,504.12,615.46,696.84,2891.32,553.33,584.67,560.67,438.7,486.17,1849.33,1368.5,647.51,395.5,408.49,698.66,Human Diseases, Infectious disease: bacterial, Bacterial invasion of epithelial cells
KEGG73,15346.7,15659.09,15369.89,16040.36,17207.23,17804.75,18923.15,18487.85,17271.25,14132.95,15740.03,17505.99,18382.71,17470.91,16957.35,14595.91,16967.69,16843.68,21168.53,17115.74,15590.64,15367.83,11901.11,13821.68,Human Diseases, Infectious disease: bacterial, Epithelial cell signaling in Helicobacter pylori infection
KEGG74,176,151,112,152,87,113,153,177,266,112,145,183,127,90,93,152,102,117,96,190,99,87,95,218,Human Diseases, Infectious disease: bacterial, Pathogenic Escherichia coli infection
KEGG75,57,86,44,30,49,47,69,69,119,44,61,65,1058,57,24,44,34,49,609,317,31,27,31,54,Human Diseases, Infectious disease: bacterial, Shigellosis
KEGG76,2699.24,1884,3309.91,2671.77,2124.23,4095.19,3595.51,3984.26,2903.24,2151.09,3035,2909.99,2716.87,3110.88,2525.14,2607.35,2510.76,2896.39,3418.66,2831.78,2509.66,2126,3011.57,3522.93,Human Diseases, Infectious disease: bacterial, Staphylococcus aureus infection
KEGG77,602.75,431.33,288.67,512.01,369.84,470.34,478.75,368.16,466.83,330.24,399.24,444.83,552.99,682.17,342,584.42,468.41,480.42,494.41,541.16,457.67,347.24,550.92,583.67,Human Diseases, Infectious disease: bacterial, Vibrio cholerae infection
KEGG78,8657.4,8741.19,8114.08,7183.41,7271.08,8336.5,8444.2,7836.1,8204.99,6549.73,8667.58,8162.57,8590.95,7136.14,6307.64,6891.76,7682.68,8269.56,8921.25,7666.44,6987.65,6311.63,6620.15,9290.26,Human Diseases, Infectious disease: parasitic, African trypanosomiasis
KEGG79,8644.63,7387.54,7911.66,7818.85,6555.6,7748.51,7016.52,6797.47,8127.97,6149.53,8035.9,7787.47,7635.87,7402.06,6917.01,7019.57,7456.61,7910.37,8577.18,7590.17,7811.26,6133.01,6821.15,7919.7,Human Diseases, Infectious disease: parasitic, Amoebiasis
KEGG80,8461.68,9286.86,8686.08,7182.62,7690.08,8699.91,8813.61,8951.78,8790.91,7258.41,9108.17,8514.17,9198.99,7837,6918.17,7136.74,8028.04,9165.51,9413.34,7960.08,7989.92,7289.49,7282.23,11074.66,Human Diseases, Infectious disease: parasitic, Chagas disease (American trypanosomiasis)
KEGG81,0,0,0,0,5,0,4,37,0,2,0,0,0,0,0,0,0,0,0,0,0,0,0,0,Human Diseases, Infectious disease: parasitic, Leishmaniasis
KEGG82,47,61,116.34,8.66,41.66,87.66,27.34,18,75.34,42,48.34,63.34,39,5.34,102,52,61.34,16.66,93,52.66,77.34,14.66,17.34,21.34,Human Diseases, Infectious disease: parasitic, Malaria
KEGG83,25187.27,23289.5,27639.74,22575.72,20686.55,27467.72,26026.17,26550.45,25938.04,18734.31,25895.13,24053.17,24406.47,31389.46,28859.64,25323.95,28857.36,30330.5,35702.05,28724.78,27269.57,26858.67,22028.1,28388.88,Human Diseases, Infectious disease: parasitic, Toxoplasmosis
KEGG84,32,37,42.5,26.67,17.67,27.17,33.67,80.33,7.5,38.83,15.83,34,18.33,16.17,23,28.67,10.33,11,2.33,13.83,23,12.33,43.17,2.5,Human Diseases, Infectious disease: viral, Hepatitis C
KEGG85,79718.53,74754.07,86280.47,74931.57,69435.14,85983.51,83880.02,85273.18,81683.15,66032.11,81596.83,76779.89,77838.49,93229.31,87911.69,79867.89,86228.86,89543.22,102149.58,86752.17,82667.36,81952.94,73021.04,85370.39,Human Diseases, Neurodegenerative disease, Alzheimer disease
KEGG86,41601.27,38324.36,46890.82,37725.74,34469.8,46522.44,44051.97,44819.64,43661.94,31440.31,42935.21,40035.72,44198.78,51983.99,47518.26,41957.14,47768.49,49464.86,59914.25,47950.99,44750.32,43620.97,35925.8,45570.35,Human Diseases, Neurodegenerative disease, Amyotrophic lateral sclerosis (ALS)
KEGG87,81885.86,77708.94,89568.98,75810.6,69986.1,88853.88,86005.18,81815.19,85620.41,64253.03,84067.23,79508.21,84119.99,99485.36,90687.4,81263.19,92232.83,95643.52,111753.27,91653.44,87240.86,84840.63,71228.88,89027.34,Human Diseases, Neurodegenerative disease, Huntington disease
KEGG88,50433.3,45988.99,55903.99,45189.89,41135.71,55979.13,54251.08,51351.71,52166.26,37256.31,52464.86,47638.05,47776.06,63020.55,58084.25,50042.63,56521.57,60082.86,71041.62,56543.93,53599.28,52366.69,43274.42,54612.25,Human Diseases, Neurodegenerative disease, Parkinson disease
KEGG89,5519.82,4952.59,6283.75,5498.69,4751.37,6060.57,5451.04,4801.09,5958.41,4226.92,5629.17,5331.04,7146.23,7328.75,7255.34,5752.75,7345.25,6725.17,8634.1,6774.91,6412.9,6632.4,4284.85,5678.47,Human Diseases, Neurodegenerative disease, Prion diseases
KEGG90,522532.43,513206.69,528743,520190.16,502807.79,529126.74,526193.95,539058.55,527107.83,503057.23,524115.07,523000.88,540042.95,541562.37,524064.36,522360.4,532863.36,528603.3,558983.84,531734.93,520779.27,524380.07,508897.79,525744.46,Metabolism, Amino acid metabolism," Alanine, aspartate and glutamate metabolism"
KEGG91,650981.36,638591.24,664607.02,638699.3,614921.8,672101.71,660200.56,656383.96,663636.16,602218.87,643786.09,647191.61,658818.5,677482.13,644339.71,637229.45,662485.18,663635.39,716952.3,657789.29,642987.31,644360.8,600688.16,646030.58,Metabolism, Amino acid metabolism, Arginine and proline metabolism
KEGG92,478740.44,464822.7,480270.87,474792.77,451411.33,478460.78,476897.91,486846.03,481328.78,454617.06,473831.12,474863.35,510106.23,499903.47,481175.09,478789.96,490487.14,485952.73,526007.53,492303.55,480301.91,479901.26,460460.99,485235.15,Metabolism, Amino acid metabolism, Cysteine and methionine metabolism
KEGG93,562999.78,548121.96,582694.07,550133.53,520341.71,573461.84,557746.58,570539.06,568947.21,534522.02,564447.67,555529.46,583307.59,589855.48,568560.98,568241.84,570515.01,573692.32,603352.7,576050.46,569800.53,574703.2,551260.36,570941,Metabolism, Amino acid metabolism," Glycine, serine and threonine metabolism"
KEGG94,359894.6,344801.39,365009.71,355612.54,335003.98,358636.26,348212.66,357973.3,354696.31,347756.98,354648.91,349225.35,369102.06,375983.71,371492.92,370853.64,365507.16,359932.19,371580.45,366605.7,366157.53,374658.86,364028.99,365291.59,Metabolism, Amino acid metabolism, Histidine metabolism
KEGG95,362649.69,356310.04,372339.32,362405.52,346576.71,369641.41,364548.59,377502.36,367970.52,353963.57,365665.21,363577.03,376175.54,382583,369298.25,368384.86,372934.69,369123.33,387269.59,375294.92,371128.77,374174.95,359059.04,366496.61,Metabolism, Amino acid metabolism, Lysine biosynthesis
KEGG96,213217.43,201868.03,231219.73,203108.72,185136.39,224962.1,214937.76,203772.97,216932.76,191365.85,216993.03,205650.48,215005.26,238362.62,232723.15,216323.99,221558.46,226751.39,247912.06,222513.21,229161.73,227086.7,201524.27,220471.04,Metabolism, Amino acid metabolism, Lysine degradation
KEGG97,192334.23,186361.09,210137.02,183043.33,173854.93,209370.23,195644.45,197559.23,203758.5,164042.46,193929.59,190040.01,194003.15,225098.77,209572.28,191491.35,207030.03,212026.36,241549.48,205717.95,202690.28,205068.03,166701.27,198167.99,Metabolism, Amino acid metabolism, Phenylalanine metabolism
KEGG98,499266.88,490675.58,505741.61,496769.48,477586.55,500087.69,494950.27,518314.36,501502.22,484594.08,497024.14,493520.54,518364.62,524094.64,507749.77,506798.53,512787.59,504835.52,528684.46,517635.2,505045.75,513714.37,497560.95,508151.46,Metabolism, Amino acid metabolism," Phenylalanine, tyrosine and tryptophan biosynthesis"
KEGG99,282190.84,270284.89,306999.27,267955.12,249269.22,300694.03,282037.39,277031.81,290477.25,249907.92,285030.47,274288.9,286480.48,316894.1,306592.57,284887.9,295226.25,301180.89,333861.1,296052.03,299858.68,297750.7,259201.6,292302.81,Metabolism, Amino acid metabolism, Tryptophan metabolism
KEGG100,180207.35,178891.77,195182.46,170805.7,166801.32,196218.67,183520.75,181108.66,191515.59,152120.41,181564.05,180453,187307.18,214510.68,199665.72,177763.69,197649.5,200087.2,230225.63,192935.62,194899.31,194805.4,152214.67,186065.93,Metabolism, Amino acid metabolism, Tyrosine metabolism
KEGG101,475668.03,461541.79,483892.03,474616.14,451434.41,476455.58,464606.62,475774.23,472051.7,465871.05,469502.12,463457.38,490881.58,496855.04,489854.67,489572.11,484217.38,474496.54,487118.29,486490.55,482034.5,494176.49,478728.39,466535.91,Metabolism, Amino acid metabolism," Valine, leucine and isoleucine biosynthesis"
KEGG102,506150.54,471356.97,540660.81,485727.33,440445.09,524226.89,499473.6,487770.88,504902.47,462225.32,507566.05,482926.41,502665.78,557980,552346.81,519113.18,524806.3,527963.65,570449.45,521279.55,538974.05,545084.2,483246.5,511630.15,Metabolism, Amino acid metabolism," Valine, leucine and isoleucine degradation"
KEGG103,2757.68,3216.68,2381.83,2399.53,2928.24,2235.51,2009.35,3291.26,2639.92,2126.75,2785.93,2763.43,2137.99,2035,1898.67,1981.42,2504.7,2440,1900.83,2161.08,2374.93,1974.33,2049.91,2837.83,Metabolism, Biosynthesis of other secondary metabolites, Betalain biosynthesis
KEGG104,380.75,450.75,397.09,212.66,255.16,381.91,385.59,416.25,432.34,448.48,363.59,421.09,498,493.84,357,465,519.09,472.16,512.25,546.91,528.84,335.16,571.34,666.09,Metabolism, Biosynthesis of other secondary metabolites, Caffeine metabolism
KEGG105,0,0,0,0,3,0,0,0,0,0,0,0,0,0,0,0,0,0,0,0,0,0,0,0,Metabolism, Biosynthesis of other secondary metabolites, Clavulanic acid biosynthesis
KEGG106,698.75,625.43,1001.75,668.16,558.18,965.64,707.2,2291.52,735.25,538.31,716.91,691.41,519.84,578.84,429.5,546.64,677.93,824.68,695.18,640.16,735.82,592.98,536.82,990,Metabolism, Biosynthesis of other secondary metabolites, Flavone and flavonol biosynthesis
KEGG107,10759.21,9700.18,10112.57,11840.83,10891.71,9239.43,8426.93,7390.7,9280.57,13165.17,9590.76,9960.26,11785.31,10640.16,12803.51,13278,11545.4,9480.84,7057.16,10979.5,12357.35,13762.33,14927.31,8873.82,Metabolism, Biosynthesis of other secondary metabolites, Flavonoid biosynthesis
KEGG108,2580.18,2976.18,2046.5,2267.53,2571.41,1980.84,1635.35,2084.76,2414.42,2025.08,2558.93,2547.43,1995.99,1888,1736.67,1851.42,2302.2,2257,1660.33,2034.58,2209.93,1828.33,1887.91,2627.33,Metabolism, Biosynthesis of other secondary metabolites, Indole alkaloid biosynthesis
KEGG109,1237.67,505,616.25,1170.5,533.33,774.5,813.25,696,1015.08,486.48,681.75,862.92,624,644,449.67,533.83,669.83,652.5,992.5,545.5,645.83,544.83,440.33,769,Metabolism, Biosynthesis of other secondary metabolites, Isoflavonoid biosynthesis
KEGG110,36691.92,38820.46,37773.91,33860.65,35861.76,38265.65,38766.59,42389.71,39086.13,31658.27,38257.73,38023.56,38960.1,41049.8,36227.98,34824.4,39135.29,40617.25,47370.04,38559.18,37933.12,36539.31,33030.85,43585.29,Metabolism, Biosynthesis of other secondary metabolites, Isoquinoline alkaloid biosynthesis
KEGG111,33678.04,32331.34,31506.75,32847.52,31922.64,31705.8,32070.95,35442.07,32209.96,32098.6,32825.56,32714.67,32940.56,33213.71,31407.31,33177.91,33437.76,32108.14,32702.35,33459.46,32728.71,31869.74,33275.26,33819.49,Metabolism, Biosynthesis of other secondary metabolites," Neomycin, kanamycin and gentamicin biosynthesis"
KEGG112,86682.13,85463.27,89650.4,83903.4,80637.76,88386.4,87291.12,91952.69,88515.27,80440.48,87902.3,85814.36,92449.81,95314.69,89572.63,87704.96,90700.52,91094.64,100364.94,93093.96,89003.33,89661.6,84623.33,91754.81,Metabolism, Biosynthesis of other secondary metabolites, Novobiocin biosynthesis
KEGG113,17778.09,15387.53,16272.84,15638.18,13262.24,15713.13,15339.8,15938.54,16529.53,13306.24,16223.09,15973.51,15402.3,17514.45,14973.13,15796.72,16763.85,17135.01,18547.11,16490.37,16981.13,15994.48,15003.09,18148.16,Metabolism, Biosynthesis of other secondary metabolites, Penicillin and cephalosporin biosynthesis
KEGG114,46570.77,43304.1,47302.48,45329.16,40598.77,45621.28,45581.54,55343.66,46064.82,42407.79,43847.75,45648.06,47667.31,47165.26,44320.02,47681.77,47536.09,47626.39,51363.04,48599.66,46269.99,45656.86,46287.81,53879.56,Metabolism, Biosynthesis of other secondary metabolites, Phenylpropanoid biosynthesis
KEGG115,4940.84,5706.59,5938.69,4669.7,6072.81,5762.77,5279.3,3999.77,6122.3,4947.83,4392.93,5572.93,4290.02,6224.66,6093.81,4399.97,5203.47,5816.7,6318.75,4779.23,5563.71,6230.81,2943.19,4031.95,Metabolism, Biosynthesis of other secondary metabolites," Stilbenoid, diarylheptanoid and gingerol biosynthesis"
KEGG116,210888.38,207606.9,207958.15,208226.36,201642.85,205784.14,203076.8,213625.29,207173.52,204650.25,207431.95,207871.7,209781.2,208951.59,203244.12,212516.87,211679.92,205740.29,207296.64,210066.24,208099.04,207865.09,213683.1,214516.79,Metabolism, Biosynthesis of other secondary metabolites, Streptomycin biosynthesis
KEGG117,75549.94,74623.68,79292.42,72384.43,70144.25,79541.15,77195.54,79514.36,78846.03,66831.64,76823.52,75490.69,79524.12,86513.69,79696.97,74949.55,80723.84,82098.88,92457.15,81218.53,78117.97,78332.05,69155.97,79961.18,Metabolism, Biosynthesis of other secondary metabolites," Tropane, piperidine and pyridine alkaloid biosynthesis"
KEGG118,595400.34,588566.94,583912.93,594345.72,574969.5,583010.11,574451.19,606958.79,593795.92,572517.18,588073.97,595668.34,607448.72,589716.59,561306.04,584411.68,597838.58,587464.53,602455.29,598024.74,580009.29,576414.41,580121.99,596662.27,Metabolism, Carbohydrate metabolism, Amino sugar and nucleotide sugar metabolism
KEGG119,90610.09,86090.69,98588.09,86933.73,81075.66,97388.81,88906.1,91655.94,94733.37,81837.56,90850.38,88659.84,95536.65,104489.36,100046.69,93498.93,96460.74,97205.22,108909.66,98204.59,98322.05,99207.77,84542.8,92551.17,Metabolism, Carbohydrate metabolism, Ascorbate and aldarate metabolism
KEGG120,514561.4,483134.32,541472.5,501880.09,463581.8,530866.41,506114.29,499808.65,514472.09,486509.44,512453.08,493676.17,536767,573335.71,573785.87,537981.18,539227.61,533635.35,574233.02,541452.28,548596.77,565602.06,497090.37,494015.65,Metabolism, Carbohydrate metabolism, Butanoate metabolism
KEGG121,181528.4,176081.28,186326.3,179495.78,171525.34,183232.28,177994.72,181597.4,179647.79,177618.24,180526.49,175120.57,191511.75,189540.62,187055.85,186411.47,183295.61,180407.37,188976.44,187986.43,183348.3,188839.09,183769.02,177032.22,Metabolism, Carbohydrate metabolism, C5-Branched dibasic acid metabolism
KEGG122,536815.32,517881.48,547550.26,524478.31,494331.4,533999.27,521548.68,529808.92,531241.37,514415.39,534876.75,521383.92,560398.49,570541.25,559300.39,553128.4,551749.73,545402.86,572871.8,557940.53,551896.02,560865.04,538880.82,541030.84,Metabolism, Carbohydrate metabolism, Citrate cycle (TCA cycle)
KEGG123,249196.35,251868.31,247452.62,252732,248153.28,249378.95,243219.82,256353.98,255619.58,242473.65,248156.07,257080.54,251150.05,247709.93,237447.81,245281.27,252444.86,248638.91,253569.11,251071.21,241362.26,242624.14,240308.05,252293.02,Metabolism, Carbohydrate metabolism, Fructose and mannose metabolism
KEGG124,224493.68,213127.7,220179.4,222099.97,208626.56,217696.74,213383.63,242463.96,221306.18,216726.35,221004.3,223361.71,230275.19,213778.55,203893.37,221801.92,217960.39,212582.82,220007.14,225505.17,217823.47,210661.96,227611.6,228438.15,Metabolism, Carbohydrate metabolism, Galactose metabolism
KEGG125,570656.16,560846.31,580344.13,566855.94,542002.75,576128.17,565304.94,585484.27,576390.5,550608.74,568136.04,567752.26,596852.31,607657.71,594981.76,586684.97,593488.29,583202.08,615387.39,593264.59,591129.43,599300.38,564364.4,568577.65,Metabolism, Carbohydrate metabolism, Glycolysis / Gluconeogenesis
KEGG126,463339.04,445964.24,491454.26,447640.36,423194.85,487529.81,461223.11,451206.15,473433.28,416355.33,468670.17,451440.3,467714.17,508703.39,495465.55,465257.24,483618.97,487786.61,532624.7,488040.11,474106.74,480955.41,426335.35,449955.77,Metabolism, Carbohydrate metabolism, Glyoxylate and dicarboxylate metabolism
KEGG127,99823.28,95411.56,104427.49,96306,90931.01,103191.05,97943.44,98395.66,100053.59,92749.63,99264.81,97529.28,97773.83,105035.06,102581.78,100657.45,102402.83,100188.38,105663.86,99428.49,104063.02,103373.97,97420.35,98135.15,Metabolism, Carbohydrate metabolism, Inositol phosphate metabolism
KEGG128,208115.35,204526.7,216693.47,203320.61,187200.03,213536.78,202955.45,222494.41,213968.42,185782.74,207306.25,206556.14,213337.91,213998.02,195351.8,201471.19,209353.38,215734.28,236793.65,212367.68,205747.34,198726.56,196366.53,230591.88,Metabolism, Carbohydrate metabolism, Pentose and glucuronate interconversions
KEGG129,432655.07,428210.68,438328.96,434748.27,418421.13,432231.75,416918.52,442885.73,434075.38,424937.81,426005.11,431358.51,452397.13,440938.6,432377.74,442785.7,441697.74,430448.78,443925.01,448108.54,432829.47,436736.28,437867.08,434254.68,Metabolism, Carbohydrate metabolism, Pentose phosphate pathway
KEGG130,504466.26,484348.33,531984.59,490202.21,457046.76,517909.72,497120.21,485976.95,509949.13,473073.46,505965.6,490263.88,514846.19,554379.56,544585.92,517389.99,527388.06,524343.76,559760.22,524023.57,532876.31,543286.21,485423.78,500463.86,Metabolism, Carbohydrate metabolism, Propanoate metabolism
KEGG131,637517.21,628449.43,660103.35,626764.79,601426.55,660823.67,648023.68,647204.05,654812.41,595536.31,639975.83,635403.95,660381.03,694960.05,664482.68,639187.35,666614.93,665595.3,720472.02,663220.08,659008.08,662346.01,600080.76,638494.87,Metabolism, Carbohydrate metabolism, Pyruvate metabolism
KEGG132,359330.76,351578.94,358106.48,357645.21,348311.25,357363.46,355427.23,375113.3,361233.38,351625.97,352037.72,360163.78,365894.46,364058.05,348695.29,363216.46,364164.21,357985.92,369380.69,367693.56,360323.26,355760.31,358705.77,365462.48,Metabolism, Carbohydrate metabolism, Starch and sucrose metabolism
KEGG133,331584.34,334322.41,339309.68,330951.85,326584.98,338878.81,336082.28,353863.01,339908.03,316853.56,333762.62,337198.44,342352.89,345965.01,331582.43,331315.32,344447.14,341985.64,366798.66,341544.6,328895.89,329051.26,323098.28,341374.99,Metabolism, Energy metabolism, Carbon fixation in photosynthetic organisms
KEGG134,711999.72,683925.12,725143.61,698626.95,660458.06,705040.89,686866.76,697973.99,699105.8,686800.05,706868.65,688769.98,733783.46,738503.29,732250.42,728566.18,722585.83,711684.98,741025.09,730351.68,720601.54,732105.12,714401.72,709820.54,Metabolism, Energy metabolism, Carbon fixation pathways in prokaryotes
KEGG135,473794.3,470832.11,494168.69,469177.18,453438.6,494513.23,482943.91,491647.9,492477.98,448843.73,476462.06,478027.06,501375.97,507426.59,488349.13,477252.07,493684.9,496798.15,538569.79,501890.68,478135.91,479807.02,455111.25,465362.27,Metabolism, Energy metabolism, Methane metabolism
KEGG136,369260.87,358520.88,381869.32,364609.08,350635.91,387348.2,376904.4,385976.13,384366.73,334282.03,365542.55,371224.83,392469.97,410695.53,394446.57,366831.91,394593.61,394095.92,438059.44,389982.3,381319.81,392738.09,332184.48,365424.34,Metabolism, Energy metabolism, Nitrogen metabolism
KEGG137,1001940.01,993613.57,1024515.35,983265.42,948824.49,1005765.43,979010.65,985166.08,1003606.42,951191.36,995709.36,991540.94,1032292.51,1075199,1034092.3,1024302.3,1052105.41,1035379.01,1071913.66,1052206.6,1038364.42,1036506.45,992906.86,1018042.99,Metabolism, Energy metabolism, Oxidative phosphorylation
KEGG138,243356.42,281228.11,230510.53,267062.96,309950.11,255327.61,250695.84,230519.16,254938.53,251688.53,223607.3,263900.9,229775.81,227449.89,227174.96,226360.91,249659,235164.82,227539.85,222190.91,214874.66,218052.22,214695.45,215947.36,Metabolism, Energy metabolism, Photosynthesis
KEGG139,9171.08,19413.95,5221.67,16044.08,27954.37,11987.28,11128.92,3628,11889.64,12188.58,3160.92,14783.92,4723,3850,5241,4408,11327.08,7131,3462,2696,2071,2747,1103,529,Metabolism, Energy metabolism, Photosynthesis - antenna proteins
KEGG140,189916.9,189220.3,196796.31,183781.63,180466.3,198876.32,198408.95,192947.04,197179.56,169496.18,187986.89,190542.54,202811.21,205111.09,193960.29,185876.38,198310.64,205078.93,229297.39,201690.41,189863.19,186461.16,173098.49,202146.85,Metabolism, Energy metabolism, Sulfur metabolism
KEGG141,10840.32,10050.97,10556,9730.24,9270.14,10611.81,11130.55,16835.06,10674.75,9341.62,10800.14,11129.34,12017.93,11723.76,8993.9,11303.11,12038.67,12098.12,13599.47,11962.74,11604.73,9901.62,12355.84,17479.05,Metabolism, Glycan biosynthesis and metabolism, Glycosaminoglycan degradation
KEGG142,9365.07,8479.86,9053.75,8187.92,7774.28,9103.78,9556.65,13215.45,9239.5,8155.13,9371.32,9632.52,10741.75,10432.58,8081.9,9990.83,10357.06,10536.26,12350.36,10366.17,10002.09,8860.16,10801.88,14840.3,Metabolism, Glycan biosynthesis and metabolism, Glycosphingolipid biosynthesis - ganglio series
KEGG143,26203.82,22770.62,24742.5,24884.87,22417.51,23985.41,23504.91,30606.5,24299.83,26025.7,24733.95,25189.61,27572.39,25894.55,23818.2,28545.75,26456.94,24881.9,25778.89,27832.95,27705.87,26744.38,31217.82,30918.37,Metabolism, Glycan biosynthesis and metabolism, Glycosphingolipid biosynthesis - globo and isoglobo series
KEGG144,0,3,0,0,3,0,0,0,0,0,0,0,4,0,0,7,3,0,0,7,0,0,0,10,Metabolism, Glycan biosynthesis and metabolism, Glycosylphosphatidylinositol (GPI)-anchor biosynthesis
KEGG145,255171.36,253278.05,263515.64,241137.67,236346.6,260426.82,259816.44,263947.66,262419.57,216730.1,261594.27,256166.93,278335.52,285041.45,252722.9,249215.6,274730.55,276041.32,315432.96,275068.32,251047.46,247163.73,242709.92,292973.71,Metabolism, Glycan biosynthesis and metabolism, Lipopolysaccharide biosynthesis
KEGG146,30380.75,31409.53,29543.99,29962.16,30059.77,27816.28,26541.11,28604.51,29639.99,30945.96,29206.29,30091.72,29656.48,27381.18,26989.34,30179.57,28051.77,27835.6,24477.79,29023.65,29769.45,29185.21,32041.96,30270.43,Metabolism, Glycan biosynthesis and metabolism, N-Glycan biosynthesis
KEGG147,51162.81,49248.71,51272,47823.4,46017.86,52051.3,52421.86,72190.53,53063.05,44065.52,49697.69,53365.88,57331.74,53067.39,40535.67,50831.91,54182.94,54628.46,67425.06,55979.45,50420.59,44907.92,54635.78,77262.22,Metabolism, Glycan biosynthesis and metabolism, Other glycan degradation
KEGG148,431136.75,420413.81,438147.52,434906.2,414796.31,434198.5,429064.82,442302.33,431839.52,424385.35,432334.42,429687.69,446007.88,446389.26,437402.68,439216.41,441011.36,433218.61,448438.23,440267,432777.12,439943.87,432204.58,431213.54,Metabolism, Glycan biosynthesis and metabolism, Peptidoglycan biosynthesis
KEGG149,50,68,61.5,47.01,21.01,49.01,84.01,148.49,34.5,73.49,28.49,60,51.99,62.01,55,78.01,39.99,55,68.99,51.49,57,33.99,130.01,22.5,Metabolism, Glycan biosynthesis and metabolism, Various types of N-glycan biosynthesis
KEGG150,58523.13,54578.14,60326.15,54537.28,49402.43,58611.98,55308.24,54776.43,58094.11,49201.64,56933.24,55587.82,56775.49,65019.18,60560.39,56827.82,60674.47,61487.68,67289.27,59006.79,60047.75,60117.71,52199.36,60845.69,Metabolism, Lipid metabolism, Arachidonic acid metabolism
KEGG151,163368.68,158147.56,168532.14,159752.24,152230.85,168205.28,159523.68,161882.81,163835.47,151703.64,161595.09,159588.77,166944.04,173708.45,169205.36,164851.15,168204.18,165346.17,175073.88,165694.99,168100.13,167140.4,160580.39,164717.58,Metabolism, Lipid metabolism, Biosynthesis of unsaturated fatty acids
KEGG152,4693.52,3891.12,6269.41,3755.25,3521.3,5940.11,5745.74,6838.8,4979.32,4084.98,4659.86,4571.78,5482.36,7042.73,6122.85,5236.82,5885.04,5561.78,7170.91,5488.58,6956.54,6176.31,4772.94,5784.9,Metabolism, Lipid metabolism, Ether lipid metabolism
KEGG153,361155.99,356604.91,369276.89,349566.42,338505.21,369631.99,364374.45,361743.52,367266.01,332131.8,363600.47,358068.23,372055.93,379082.37,355446.7,353324.09,368956.89,372529.07,399447.62,365554,362121.11,351663.19,347615.98,384770.38,Metabolism, Lipid metabolism, Fatty acid biosynthesis
KEGG154,319914.47,301799.76,349395.47,307132.42,282253.11,340549.32,323026.53,303570.28,327908.53,291015.44,322726.05,309753.83,324205.36,363560.55,359186.2,326190.76,335433.41,341008.63,375004.82,336998.78,349308.95,350180.62,292674.61,314402.36,Metabolism, Lipid metabolism, Fatty acid degradation
KEGG155,543.34,532.01,845.33,535.53,502.99,800.34,764.68,548.51,669.67,625.66,684.34,666.01,555.32,585.33,512.67,488.67,519.03,629.67,686.33,449,803.51,548,636.99,693.66,Metabolism, Lipid metabolism, Fatty acid elongation
KEGG156,206928.02,196860.5,210244.06,207191.97,195783.79,207322.98,199406.52,198246.2,202899.13,207893.16,201202.52,201079.3,214092.24,212344.99,214430.74,216929,208873.14,201823.74,205966.13,212402.22,212730.14,218433.37,214758.79,201192.45,Metabolism, Lipid metabolism, Glycerolipid metabolism
KEGG157,322721.3,309334.01,333306.44,313357.18,296548.96,329455.8,324159.7,325233.23,324999.57,301416.78,324110.36,315834.35,341899.66,342138.98,328042.37,323743.32,331200.89,330487.52,358244.35,339251.83,325861.21,323948.67,313556.36,325576.01,Metabolism, Lipid metabolism, Glycerophospholipid metabolism
KEGG158,16781.71,16069.52,18298.15,16080.33,14602.27,18603,18045.88,19166.59,18546.85,13504.68,16796.96,17360.65,16959.19,22442.19,20847.17,17264,19863.78,19865.61,23109.2,18434.39,20333.31,20385.46,14516.38,19694.43,Metabolism, Lipid metabolism, Linoleic acid metabolism
KEGG159,3824.37,3907.67,4372.75,3605.14,3444.4,4115.25,4382.27,4393.94,4180.76,2976.57,4116.1,3955.58,4471.04,3233.72,3046.97,2854.85,3271.1,4084.38,5152.83,4051.61,3021,2638.67,2198.08,3183.6,Metabolism, Lipid metabolism, Primary bile acid biosynthesis
KEGG160,652.36,947.16,1069.83,816.28,991.5,1162.08,1216.5,1505.84,1134.92,844.74,1024.75,1120.23,2320.22,696.05,410.8,503.43,544.23,918.55,1479,1126.7,614.9,548.51,604.5,610.1,Metabolism, Lipid metabolism, Secondary bile acid biosynthesis
KEGG161,44513.35,43013.34,44811.73,42097.23,39668.69,43340.81,41512.47,54817.34,44625,41780.7,42982.63,45248.57,46032.07,43480.59,38532.74,45087.7,45125.78,43726.46,45838.4,48751.82,46074.22,41392.28,50236.85,58475.59,Metabolism, Lipid metabolism, Sphingolipid metabolism
KEGG162,4977.77,6803.62,5251.93,5635.69,7771.32,5774.74,5813.94,4959.45,5953.68,5147.67,3903.27,6089.45,4185.32,3702.68,3309.34,3415.5,5304.8,4416.32,4189.08,3617.9,3620.19,3026.98,3516.67,4109.26,Metabolism, Lipid metabolism, Steroid biosynthesis
KEGG163,11476.1,13586.62,13000.07,10163.69,10488.77,11820.3,10693.4,10895.16,12484.17,9794.62,11881.33,12130.18,11035.33,11138.51,9809.84,10682.21,11330.29,11981.19,11271.18,12897.07,12006.07,9498.63,11929.71,16998.66,Metabolism, Lipid metabolism, Steroid hormone biosynthesis
KEGG164,114338.39,103814.4,125780.43,110184.64,97686.39,120937.23,114015.95,111003.27,114190.54,106797.32,114490.84,107152.36,116694.08,133968.36,136006.87,123816.24,123831.75,123352.52,134924.73,124502.33,128571.94,132686.78,111556.02,113931.89,Metabolism, Lipid metabolism, Synthesis and degradation of ketone bodies
KEGG165,23755.84,21102.51,24428,23427.16,20244.17,23256.85,21757.13,22858.46,22886.32,22419.4,22832.1,21648.37,25831.58,26345.43,26998.28,25397.59,24286.23,23784.86,25831.21,25915.31,26112.93,26921.79,23728.11,22306.06,Metabolism, Lipid metabolism, alpha-Linolenic acid metabolism
KEGG166,73197.56,74508.04,76747.91,70736.06,70781.56,76765.56,80846.07,82111.85,77271.07,66178.85,74068.19,74464.56,82050.2,82874.25,76426.37,72951.4,78462.65,80913.55,91635.95,80847.97,75820,73339.42,71166,81766.47,Metabolism, Metabolism of cofactors and vitamins, Biotin metabolism
KEGG167,190019.92,188207.3,193278.79,185734.85,179867.93,192527.11,194639.41,201226.48,193906.25,173671.83,189288.21,189878.49,198504.43,196521,184415.92,184562.67,192883.05,195797.85,213181.9,195078.29,186547.02,183372.76,181899.36,204327.15,Metabolism, Metabolism of cofactors and vitamins, Folate biosynthesis
KEGG168,61251.18,59985.26,60779.91,62065.56,60377.23,59263.22,57317.91,57343.57,59001.46,62989.05,58756,59195.79,64652.34,61844.84,62865.78,64858.16,62487.81,59360.87,58963.15,62664.74,61278.14,64095.09,65140.47,59374.86,Metabolism, Metabolism of cofactors and vitamins, Lipoic acid metabolism
KEGG169,286787.5,282094.43,291809.24,284910.1,277688.01,290416.55,286178.75,290124.97,287678.61,278889.89,285472.84,283946.93,301122.83,302704.18,297420.7,293019.09,295374.01,291756.81,306740.27,295064.17,289951.29,296960.49,283544.9,286032.92,Metabolism, Metabolism of cofactors and vitamins, Nicotinate and nicotinamide metabolism
KEGG170,285849.63,282508.91,291554.7,283652.55,275265.28,291445.13,292362.93,302266.24,290492.05,273842.37,288377.93,287841.98,295102.02,301292.94,288880.85,286798.76,294006.22,292138.97,310703.15,293475.76,287538.81,288945.67,281283.57,297595.75,Metabolism, Metabolism of cofactors and vitamins, One carbon pool by folate
KEGG171,375019.94,366194.12,385955.28,373299.41,355544.52,381190.72,373327.05,390881.72,378010.59,364130.52,377080.46,371686.22,389770.13,394160.92,381350.32,381743.59,383306.12,378952.62,396615.81,387966.92,378361.72,383371.95,373796.19,375453.09,Metabolism, Metabolism of cofactors and vitamins, Pantothenate and CoA biosynthesis
KEGG172,479786.36,498790.71,488459.88,482951.28,489137.7,510483,507836.7,493037.49,502246.64,437211.84,469686.46,491395.4,480447.96,493629.86,462843.27,448724.06,490889.8,499774.84,543150.06,477669.85,456559.9,450963.22,414523.08,457553.99,Metabolism, Metabolism of cofactors and vitamins, Porphyrin and chlorophyll metabolism
KEGG173,27622.23,27688.47,30498.59,24765.14,24671.57,31299.83,29240.21,25957.52,29480.9,22706.68,28348.36,27766.4,28978.42,34043.3,31405.32,27264.47,30855.42,31131.66,35662.22,29525.43,32234.13,30110.11,22290.74,28639.04,Metabolism, Metabolism of cofactors and vitamins, Retinol metabolism
KEGG174,119936.31,117667.47,122727.33,118067.78,115068.11,124272.29,124236.57,133829.6,122891.63,111487.96,121256.31,119946.96,128655.7,128710.92,121466.81,117341.98,123025.55,124816.1,138315.12,124689.13,119331.82,120238.15,111287.82,120795.61,Metabolism, Metabolism of cofactors and vitamins, Riboflavin metabolism
KEGG175,171480.11,177604.95,175031.96,174651.73,175237.93,178429.1,178198.93,185973.9,178896.99,170058.7,176282.04,176496.55,179725.86,173678.5,167902.56,167340.19,174439.17,174164.57,180453.89,171978.62,166924.4,168266.02,165439.63,174590.1,Metabolism, Metabolism of cofactors and vitamins, Thiamine metabolism
KEGG176,185861.32,190188.22,186933.83,181340.11,183492.5,189808.07,185069.26,180294.9,189809.96,161926.56,179170.38,186527.22,197262.18,197792.28,186228.71,178681.49,197394.71,195216.33,219452.29,195097.23,182476.29,178250.6,166552.05,193237.51,Metabolism, Metabolism of cofactors and vitamins, Ubiquinone and other terpenoid-quinone biosynthesis
KEGG177,128080.19,126257.62,130681.24,127513.85,122596.17,128749.11,125151.99,126230.78,128490.26,124886.72,126671.74,127642.58,135644.34,131657.55,128128,130371.99,130161.17,128635.02,132047.16,132665.93,128011.56,129366.62,129957.7,129006.15,Metabolism, Metabolism of cofactors and vitamins, Vitamin B6 metabolism
KEGG178,141941.67,137653.91,145419,137482.46,131986.16,144558.96,138690.04,146803.3,144296.52,130057.44,137959.47,140784.01,144122.71,150069.41,140403.19,139924.78,145159.12,144987.21,156080.06,144184.31,140417.57,141333.71,131569.31,147182.79,Metabolism, Metabolism of other amino acids, Cyanoamino acid metabolism
KEGG179,69292.31,66018.44,70964.08,70419.08,65339.97,69263.77,67458.18,68730.64,68167.29,69341.65,68899.22,67913.05,72784.49,72183.34,72037.28,72767.14,70849.51,69091.56,69561.07,71715.14,69983.32,72950.23,72230.12,68144.28,Metabolism, Metabolism of other amino acids, D-Alanine metabolism
KEGG180,7529.31,7078.42,8298.84,7162.5,6208.97,8423.29,8053.54,7184.68,7973.33,5568.46,7980.41,7202.86,7067.5,9342.67,8329.67,7333.23,8413.48,8823.84,10676.03,8174.16,7739.8,7740.81,6309.02,8070.81,Metabolism, Metabolism of other amino acids, D-Arginine and D-ornithine metabolism
KEGG181,96059.9,93208.76,97170.91,97538.63,92658.53,95701.67,94199.15,99728.35,95163.68,97097.57,95819.34,95144.93,102083.71,100520.39,101301.09,101074.88,100578.29,96579.28,100337.06,100441.51,99439.23,103355.05,98278.61,94167.72,Metabolism, Metabolism of other amino acids, D-Glutamine and D-glutamate metabolism
KEGG182,276080.22,267857.92,292012.85,263885.37,252518.75,295143.93,287326,282163.88,284542.65,235068.8,276975.11,271123.65,282068.56,308159.46,288167.88,265575.5,291630.26,298660.37,340588.44,287775.62,277821.95,271448.12,238788.18,275860.18,Metabolism, Metabolism of other amino acids, Glutathione metabolism
KEGG183,21572.93,21238.61,24989.99,20401.95,19652.24,25936.54,24726.91,26365.73,24131.55,17924.19,22021.24,22052.8,23466.85,26930.2,24921.81,21545.22,24476.87,25629.76,30259.37,23283.69,24211.03,24070.23,17248,23478.53,Metabolism, Metabolism of other amino acids, Phosphonate and phosphinate metabolism
KEGG184,291428.39,286571.34,293974.81,284396.26,275251.56,287807.62,278798.56,283755.67,289401.93,275842.37,287209.09,285635.29,305873.22,296496.3,288650.95,289877.9,294104.95,293177.7,308326.68,294597.26,288065.2,289277.04,283606.32,298203.49,Metabolism, Metabolism of other amino acids, Selenocompound metabolism
KEGG185,80112.05,78839.28,81108.07,76401.65,73443.75,80681.11,76577.75,79832.79,81416.36,69977.3,79138.5,79514.22,79642.85,82640.56,75219.26,74136.38,80517.28,80732.29,88015.38,78566.82,76089.05,76169.9,69803.76,82166.71,Metabolism, Metabolism of other amino acids, Taurine and hypotaurine metabolism
KEGG186,172196.58,164369.22,189657.61,168536.69,156299.37,187033.28,178570.48,171509.39,180604.74,159670.24,175690.17,171090.9,175409.51,196471.71,192401.33,175467.59,182106.45,184402.22,203577.1,182003.44,186681.8,187789.51,159280.05,168470.76,Metabolism, Metabolism of other amino acids, beta-Alanine metabolism
KEGG187,0,0,2.75,0,1,0,0,0,0,4.5,3.5,0,0,2.5,0,0,0,0,0,0,0,0,0,0,Metabolism, Metabolism of terpenoids and polyketides," Biosynthesis of 12-, 14- and 16-membered macrolides"
KEGG188,47557.32,45465.44,49772.24,48227.81,45134.6,48463.77,46200.23,55211.6,47239.65,47577.71,47366.04,46522.87,47941.39,47126.39,47534.48,49372.38,47771.6,46162.82,48435.46,48498.77,46559.09,47667.03,49930.02,47406.7,Metabolism, Metabolism of terpenoids and polyketides, Biosynthesis of ansamycins
KEGG189,6743.91,8452.18,7643.41,7347.22,7674.37,7623.62,7718.28,6740.64,8111.59,6402.56,6724.61,7958.95,7810.33,6720.01,5449.17,5891.82,5715.77,7037,8190.03,7104.07,6282.9,5686.92,5339.77,7919.14,Metabolism, Metabolism of terpenoids and polyketides, Biosynthesis of siderophore group nonribosomal peptides
KEGG190,716,735,827.67,412.33,523.33,748.33,660.67,633,739.67,530,697.67,768.67,408,345.67,541,483,486.67,399.33,716,501.33,672.67,269.33,266.67,358.67,Metabolism, Metabolism of terpenoids and polyketides, Biosynthesis of type II polyketide backbone
KEGG191,13,30,12.67,4.33,16.33,11.33,15.67,7,36.67,12,6.67,16.67,19,20.67,17,20,23.67,38.33,57,3.33,5.67,7.33,8.67,3.67,Metabolism, Metabolism of terpenoids and polyketides, Biosynthesis of type II polyketide products
KEGG192,35296.18,35197.93,34234.83,35005.04,33000.2,33115.42,31973.06,35051.24,34509.15,34492.28,34391.64,34824.03,35978.8,34891.14,33892.64,36276.98,36139.81,34549.81,32995.38,35763.11,35822.43,35871.86,37160.29,36631.38,Metabolism, Metabolism of terpenoids and polyketides, Biosynthesis of vancomycin group antibiotics
KEGG193,27,15,0,15,19,0,22,64,15,24,9,17,0,0,0,0,12,0,10,0,7,2,0,0,Metabolism, Metabolism of terpenoids and polyketides, Brassinosteroid biosynthesis
KEGG194,33117.97,35069.4,31353.61,32562.44,36074.71,32078.83,31609.06,28022.05,32256.58,31943.51,31020.81,32990.71,29789.61,31046.06,32179.31,32203.2,33476.5,32371.3,32011.9,31381.67,30898.61,32279.41,29686.44,28785.44,Metabolism, Metabolism of terpenoids and polyketides, Carotenoid biosynthesis
KEGG195,107883.26,98162.59,121256.28,103923.66,91359.37,119142.57,113672.48,103976.91,113890.09,92772.06,108028.02,103514.37,108657.05,128051.37,125669.81,109390.36,115429.28,118450.37,137249.87,115734.04,118394.67,120005.68,95404.61,106790.78,Metabolism, Metabolism of terpenoids and polyketides, Geraniol degradation
KEGG196,80400.65,78013.58,90812.35,76841.55,72445.99,88824.94,84138.63,76805.69,84658.34,74103.82,81482.36,79085.37,79966.44,89873.68,89242.12,80671.45,81505.27,84919.07,94035.57,81671.59,86687.04,87048.63,73345.51,79418.25,Metabolism, Metabolism of terpenoids and polyketides, Limonene and pinene degradation
KEGG197,0,38,49,45,21,49,59,4,34,26,39,33,0,28,5,0,0,0,32,29,6,23,0,0,Metabolism, Metabolism of terpenoids and polyketides, Monoterpenoid biosynthesis
KEGG198,117584.14,116229.68,115811.25,116726.2,112409.03,113872.87,112476.59,120298.98,115571.26,115301.65,115644.2,115879.59,118513.49,118817.69,115661.52,120640.14,119836.74,115938.53,115124.36,118488.56,117679.7,119444.81,121879.11,122041.47,Metabolism, Metabolism of terpenoids and polyketides, Polyketide sugar unit biosynthesis
KEGG199,416.1,343.92,599.92,237.51,249.17,558.76,475.76,437.42,453.49,412.5,371.75,429.25,294.67,338.66,339.16,297.66,352.09,362.68,578.75,280.25,406.84,239.5,222.67,309.92,Metabolism, Metabolism of terpenoids and polyketides, Sesquiterpenoid and triterpenoid biosynthesis
KEGG200,321857.34,311518.11,327860.08,321240.35,305073.72,322585.84,319160.48,325678.21,321220.65,314551.93,321216.67,318400.23,326263.59,333159.72,328596.06,328060.16,328667.67,324149.93,336743.38,330396.38,323873.85,329424.49,320455.53,322282.88,Metabolism, Metabolism of terpenoids and polyketides, Terpenoid backbone biosynthesis
KEGG201,85926.28,86882.14,86035.8,82702.22,82075.88,86281.33,87498.31,82057.73,88140.69,76283.07,86850.01,85444.17,87875.47,88878,79651.07,79962.83,88015.04,89109.76,97664.94,86094.06,82154.58,78411.3,78669.11,93065.22,Metabolism, Metabolism of terpenoids and polyketides, Tetracycline biosynthesis
KEGG202,26301.61,25535.59,26373.58,26550.96,25523.63,25944.06,26009.65,27000.01,26157.57,26432.57,26406.74,26451.51,27033.71,26892.38,26450.14,26953.08,26598.83,25970.31,26505.44,26810.7,26273.71,26744.74,27113.76,26592.57,Metabolism, Metabolism of terpenoids and polyketides, Zeatin biosynthesis
KEGG203,1252613.1,1237200.32,1275329.78,1243354.53,1204110.63,1274778.56,1267889.31,1310069.01,1273246.6,1196380.83,1255795.73,1258019.93,1307721.59,1308407.03,1250537.28,1247632.64,1284253.28,1276890.53,1364186.61,1287786.33,1250172.47,1251897.8,1207599.46,1262110.71,Metabolism, Nucleotide metabolism, Purine metabolism
KEGG204,980016.43,964057.67,989728.16,978374.33,939951.27,981716.42,978633.12,1019623.55,984327.23,949109.5,982453.6,981368.29,1019469.96,1008256.53,973871.5,984215.09,998781.87,985497.41,1038597.75,1001740.47,973930.11,977579.49,969022.84,997262.33,Metabolism, Nucleotide metabolism, Pyrimidine metabolism
KEGG205,131805.63,122114.16,143549.52,126509.61,117225.13,142180.53,129033.08,127709.52,139416.96,113303.52,128706.23,127611.99,131126.72,153470.89,149874.33,129088.15,140016.2,142615.82,159630.12,140956.99,142091.13,145463.14,108140.36,120575.54,Metabolism, Xenobiotics biodegradation and metabolism, Aminobenzoate degradation
KEGG206,20900.53,20334.16,21015.65,19880.61,21470.1,23967.33,22124.1,21781.36,22350.82,15727.35,19320.42,20822.75,21816.78,22841.13,22069.32,18749.41,22948.8,22042.97,27738.48,20876.52,20094.59,20200.52,13485.81,14668.77,Metabolism, Xenobiotics biodegradation and metabolism, Atrazine degradation
KEGG207,217320.13,197923.91,242749.1,212920.51,190260.41,240147.94,219374.75,218624,226337.6,197551.49,218608.37,209678.31,221337.31,263337.21,263713.04,229854.58,237501.17,237564.88,262618.78,234955.03,249770.71,260829.35,194929.74,205267.16,Metabolism, Xenobiotics biodegradation and metabolism, Benzoate degradation
KEGG208,22512.41,21436.84,25245.52,21683,21642.41,26198.78,24132,22461.83,25592.81,19438.58,22462.99,23531,21420.84,32679.33,31556.65,23072.11,27617.12,27863.29,32091.05,25529.63,28077.09,30213.57,15919.23,20282.74,Metabolism, Xenobiotics biodegradation and metabolism, Bisphenol degradation
KEGG209,48251.41,46327.57,56411.27,45251.46,41267.27,54517.45,51846.2,49471.18,51617.15,43153.2,49482.21,47511.44,50648.65,59762.91,58479.43,50948.81,53264.53,55428.18,62727.23,53867.21,56862.28,56784.81,44317.17,51958.65,Metabolism, Xenobiotics biodegradation and metabolism, Caprolactam degradation
KEGG210,104001.94,103307.55,112560.89,97692.72,95616.28,113910.05,104984.02,99234.8,110362.28,90042.61,105064.32,104309.16,103404.94,120261.07,114201.69,102660.83,111514.67,113600.01,125744.06,107521.81,111791.37,111553.35,87943.93,101916.34,Metabolism, Xenobiotics biodegradation and metabolism, Chloroalkane and chloroalkene degradation
KEGG211,40912.74,40880.12,45894.01,38140.42,38697.72,46403.7,41693.99,41069.97,44709.61,33227.94,41310.44,41215.85,38294.18,49197.6,45894.81,39569.13,44605.38,46644.21,54308.13,42946.36,43558.62,43039.3,31033.26,39264.13,Metabolism, Xenobiotics biodegradation and metabolism, Chlorocyclohexane and chlorobenzene degradation
KEGG212,15530.27,16139.9,18052.26,15303.35,15924.33,18775.53,15599.6,16136.21,18124.57,13569.69,15897.26,16451.38,19186.41,21104.58,19838.01,16426.96,19159.2,19457.93,23123.46,18985.74,18349.27,19716.33,13115.21,15324.87,Metabolism, Xenobiotics biodegradation and metabolism, Dioxin degradation
KEGG213,91587.52,89521.19,101845.98,84595.79,83850.43,106229.93,101307.01,91915.08,98482.04,74091.9,93694.46,91587.32,93499.03,113946.33,106545.98,89522.3,102832.89,106011.92,126149.96,98498.58,100897.71,97914.18,71875.32,90177.8,Metabolism, Xenobiotics biodegradation and metabolism, Drug metabolism - cytochrome P450
KEGG214,147470.42,140788.41,146967.06,147212.02,136066.24,142253.15,139017.47,148029.97,143391.07,150456.24,147476.54,145540.78,158629.11,148911.17,147602.8,154293.14,147503.75,142620.28,142480.11,149413.21,151412.54,155302.9,156226.01,146008.21,Metabolism, Xenobiotics biodegradation and metabolism, Drug metabolism - other enzymes
KEGG215,27678.45,25605.52,29614.91,26856.82,24028.31,28816.91,27237.72,27909.49,27692.15,26575.3,27371.59,26089.48,30253.58,34296.93,34222.78,30408.08,29880.21,29865.62,31757.99,30483.31,33204.89,35542.64,26598.05,26825.86,Metabolism, Xenobiotics biodegradation and metabolism, Ethylbenzene degradation
KEGG216,28631.95,28524.78,30370.89,26327.89,26675.81,31449.03,30685.39,29000.77,30482.08,22936.34,28284.72,28298.37,25884.69,32703.79,29721.63,26199.4,29624.94,31355.93,35099.06,28151.17,29233.82,27966.17,21242.38,28353.83,Metabolism, Xenobiotics biodegradation and metabolism, Fluorobenzoate degradation
KEGG217,86945.19,83962.68,96637.39,80526.12,78489.17,100746.35,95817.84,86604.98,93396.81,69582.4,88582.47,86405.5,88876.19,109033.17,102660.82,85118.74,98079.04,100818.23,119776.95,93898,96213.79,93797.75,67150.08,83651.46,Metabolism, Xenobiotics biodegradation and metabolism, Metabolism of xenobiotics by cytochrome P450
KEGG218,70355.59,68475.97,78694.93,66603.04,62972.65,80860.75,74685.14,68757.07,77626.45,57245.88,71661.67,70700.54,69613.19,89318.93,83011.64,69519.88,80319.77,80249.45,93202.38,75472.2,79473.62,80380.34,54397.17,68512.46,Metabolism, Xenobiotics biodegradation and metabolism, Naphthalene degradation
KEGG219,52278.19,51240.09,54851.43,52068.83,48123.87,53165.42,47305.19,49861.24,52562.38,51722.37,51143.1,49912.98,56940.53,58159.29,59271.8,56542.6,54206.55,53502.38,54954.67,55621.36,56614.44,58932.41,50663.92,43188.72,Metabolism, Xenobiotics biodegradation and metabolism, Nitrotoluene degradation
KEGG220,16644.67,16391.43,20420.62,16635.69,16656.9,20751.57,16382.01,14800.2,20356.22,13935.24,16509.01,17213.86,16350.35,25010.17,24651.98,17709.53,21340.65,21336.7,24579.41,19168.13,22403.13,25485.1,11651.61,14557.63,Metabolism, Xenobiotics biodegradation and metabolism, Polycyclic aromatic hydrocarbon degradation
KEGG221,61540.78,56821.61,66737.77,57755.06,54279.75,65488.81,58897.6,54267.05,63242.7,56599.46,60221.44,58935.9,61743.89,74724.61,75111.03,66918.33,68289.43,66697.08,72094.84,67400.45,68819.34,74437.96,57782,59016.02,Metabolism, Xenobiotics biodegradation and metabolism, Styrene degradation
KEGG222,121593.21,119653.56,125926.52,116920.78,113747.49,123006.77,116146.06,117625.32,121430.64,109922.77,120121.32,118468.77,127198.52,128552.1,123087.34,120497.23,125083.09,125054.56,134986.19,125754.16,120411.26,119298.88,111821.8,119653.86,Metabolism, Xenobiotics biodegradation and metabolism, Toluene degradation
KEGG223,9849.67,11707.58,11704.67,9679.65,11895.44,12144.1,9641.15,9902.06,12003.5,9034.35,9990.51,11272.87,11921.41,9835.41,9866.5,9485.71,10190.46,11474.36,12803.06,11072.41,9108.94,9206.32,8869.95,11822.87,Metabolism, Xenobiotics biodegradation and metabolism, Xylene degradation
KEGG224,24757.53,22144.49,27945.25,22127.67,19918.66,28298.41,27974.41,24358.76,25768.72,18193,26059.23,23087.38,22869.09,31212.59,28894.11,24215.68,27068.21,29230.86,34907.07,27344.65,25772.71,25025.02,20760.82,25482.37,Organismal Systems, Circulatory system, Cardiac muscle contraction
KEGG225,0,2,5,10.67,1.67,4.67,8.67,8.33,0,12.33,3.33,4,9.33,8.67,13,16.67,6.33,7,2.33,11.33,17,6.33,16.67,0,Organismal Systems, Circulatory system, Vascular smooth muscle contraction
KEGG226,0,0,0,0,0,12,20,0,0,0,0,0,0,31,0,0,0,39,0,0,0,0,0,0,Organismal Systems, Development and regeneration, Axon guidance
KEGG227,0,12,137,10,14,76,7,2.5,39,6,23,26,0,0,0,0,0,0,8,0,0,0,0,0,Organismal Systems, Development and regeneration, Osteoclast differentiation
KEGG228,284,384,270,243.67,326.67,360.17,400.67,464.33,352,327.33,368.33,369,309.33,354.17,310,274.67,322.33,340,380.33,327.33,291,279.33,421.17,538,Organismal Systems, Digestive system, Bile secretion
KEGG229,2013.06,3033.41,2294.16,2416.18,3454.83,2870.01,3209.01,4134.46,2822.08,2593.61,2153.09,2910.56,3084.47,2353.64,1691.47,2016.75,2143.15,2453.64,3001.92,2201.61,2003.39,2032.88,1850.49,2585.85,Organismal Systems, Digestive system, Carbohydrate digestion and absorption
KEGG230,102,129,64,58,104,104,114,124.5,102,82,110,91,108,126,73,67,100,104,68,37,79,131,81,101,Organismal Systems, Digestive system, Gastric acid secretion
KEGG231,112.75,149.75,205,75,124.5,184.75,161,179.75,152.25,87.25,140.5,123.5,112,129,73,70,104.25,104,81.25,40.75,83.5,134.5,81,102.75,Organismal Systems, Digestive system, Pancreatic secretion
KEGG232,10195.68,9865.94,9468,9099.69,8741.17,9334.66,9958.64,12655.1,9932.17,8051.41,9905.46,10170.51,11255.33,10101.17,8393.5,9306.9,10200.87,10583.09,12360.92,9451.66,9566.84,9124.07,9599.73,14347.33,Organismal Systems, Digestive system, Protein digestion and absorption
KEGG233,102,129,64,58,109,104,118,123,102,84,110,91,108,126,73,67,100,104,68,37,79,131,81,101,Organismal Systems, Digestive system, Salivary secretion
KEGG234,55578.99,51761.87,56981.85,53203.79,49515.72,54937.57,54433.92,52622.87,55707.27,49797.61,55363.48,54102.72,54094.56,59292.95,56512.84,53398.88,56491.84,57558.99,62442.49,56854.44,56986.19,55701.03,48068.38,51779.74,Organismal Systems, Endocrine system, Adipocytokine signaling pathway
KEGG235,47,67,56.33,106,28,34,17,41.5,30,17.67,77,29,0,30,0,23,42,32,15,0,31,0,0,0,Organismal Systems, Endocrine system, GnRH signaling pathway
KEGG236,40953.65,40530.93,40435.65,41643.27,41434.55,41468.7,41368.87,41017.17,42261.8,38837.61,39471.04,41518.68,39889.5,41526.7,39283.22,39237.2,41722.12,40859.39,43440.64,41350.79,39110.28,38933.93,38309.96,39201.22,Organismal Systems, Endocrine system, Insulin signaling pathway
KEGG237,177.5,202.5,288.33,122,340.83,212.67,339,1208,187.5,95.67,195,180,142,119,157,130,202.5,183,208.5,97.5,165,123,162,210.5,Organismal Systems, Endocrine system, Melanogenesis
KEGG238,119892.44,113701.94,126968.79,117691.45,110098.8,123731.7,118824.85,115040.7,122322.23,110382.56,118715.25,117652.28,118115.46,134736.75,132302.18,120767.15,127358.01,127402.32,136826.62,125659.68,128568.76,128945.24,108103.06,115614.35,Organismal Systems, Endocrine system, PPAR signaling pathway
KEGG239,13988.11,13853.84,14392.5,13965.96,13669.13,14656.06,15004.38,14715.73,14915.9,12939.49,13462.14,14727.76,15550.21,15977.38,14665.14,14225.58,15670.33,15559.56,17313.19,16056.95,14802.46,13792.49,13536.76,15284.57,Organismal Systems, Endocrine system, Progesterone-mediated oocyte maturation
KEGG240,3085.74,2483.69,3006.16,2517.1,2156.98,3019.52,3339.11,2944.86,2947.83,2382.75,2896.27,2826.76,2409.44,2960.96,2866.31,2533.02,3046.04,3484.39,3880.91,3348.7,2839.75,2187.98,2358.06,3241.42,Organismal Systems, Endocrine system, Renin-angiotensin system
KEGG241,0,57,63,25,30,63,0,3,57,64,8,43,82,82,33,59,66,73,38,94,45,69,98,147,Organismal Systems, Environmental adaptation, Circadian rhythm - plant
KEGG242,94286.75,87382.53,94074.16,91302.88,84807.12,95407.45,95240.6,94862.58,93157.74,83938.9,92646.05,90680.34,95653.76,95046.28,89684.68,89642.85,93206.71,93883.17,104241.3,96496.37,88530.57,87188.85,87335.92,92034.59,Organismal Systems, Environmental adaptation, Plant-pathogen interaction
KEGG243,102,129,62,53,104,103,109,119,102,72,110,91,108,126,73,67,100,104,68,37,79,131,81,101,Organismal Systems, Excretory system, Aldosterone-regulated sodium reabsorption
KEGG244,26798.48,25550.34,26885.34,27180.96,25215.11,26332.3,24774.26,27672.62,26972.45,25554.62,25647.18,26302.61,30286.23,30521.41,30895.51,28593.72,30308.39,27914.52,30482.09,30066.08,29946.25,32014.32,26077.35,25071.98,Organismal Systems, Excretory system, Proximal tubule bicarbonate reclamation
KEGG245,2,0,3,3.4,0,0.6,0.4,5,0,12,0,0,66.5,52,150,41,24,21,31.5,99.5,16.5,21.5,130,131.5,Organismal Systems, Excretory system, Vasopressin-regulated water reabsorption
KEGG246,13988.11,13853.84,14392.5,13965.96,13669.13,14656.06,15004.38,14715.73,14915.9,12939.49,13462.14,14727.76,15550.21,15977.38,14665.14,14225.58,15670.33,15559.56,17313.19,16056.95,14802.46,13792.49,13536.76,15284.57,Organismal Systems, Immune system, Antigen processing and presentation
KEGG247,47,67,54.33,101,28,33,12,36,30,7.67,77,29,0,30,0,23,42,32,15,0,31,0,0,0,Organismal Systems, Immune system, Fc gamma R-mediated phagocytosis
KEGG248,0,12,137,10,14,76,7,5.5,39,12,30,31,0,0,0,0,0,0,8,0,6,0,0,0,Organismal Systems, Immune system, Hematopoietic cell lineage
KEGG249,13988.11,13853.84,14392.5,13965.96,13669.13,14656.06,15008.38,14723.73,14915.9,12943.67,13471.14,14727.76,15550.21,15977.38,14665.14,14225.58,15670.33,15559.56,17313.19,16056.95,14802.46,13792.49,13536.76,15284.57,Organismal Systems, Immune system, NOD-like receptor signaling pathway
KEGG250,682.75,720,1089.26,588.74,575.57,867.91,708.01,668.25,807.26,648.15,857.51,823.26,711.25,766.26,660.5,737.75,714.01,757.74,964,556.74,718.26,566.49,774.26,816.51,Organismal Systems, Immune system, RIG-I-like receptor signaling pathway
KEGG251,0,0,0,0,0,12,20,0,0,0,0,0,0,31,0,0,0,39,0,0,0,0,0,0,Organismal Systems, Immune system, T cell receptor signaling pathway
KEGG252,0,2,5,10.67,1.67,4.67,8.67,9.83,0,12.33,3.33,4,9.33,8.67,13,16.67,6.33,7,2.33,11.33,17,6.33,16.67,0,Organismal Systems, Nervous system, Long-term potentiation
KEGG253,0,0,2,5,0,1,5,5.5,0,10,0,0,0,0,0,0,0,0,0,0,0,0,0,0,Organismal Systems, Nervous system, Neurotrophin signaling pathway
KEGG254,0,0,2,5,0,1,5,5.5,0,10,0,0,0,0,0,0,0,0,0,0,0,0,0,0,Organismal Systems, Sensory system, Olfactory transduction
KEGG255,0,0,2,5,0,1,5,4,0,10,0,0,0,0,0,0,0,0,0,0,0,0,0,0,Organismal Systems, Sensory system, Phototransduction
KEGG256,0,0,2,5,0,1,5,5.5,0,10,0,0,0,0,0,0,0,0,0,0,0,0,0,0,Organismal Systems, Sensory system, Phototransduction - fly
